Algoritmo,Cenario,TempoExecucao
Bubble Sort,Cenário 1 - Vetor ordenado crescente,441242
Merge Sort,Cenário 1 - Vetor ordenado crescente,5232
Quick Sort,Cenário 1 - Vetor ordenado crescente,2950
Shell Sort,Cenário 1 - Vetor ordenado crescente,5146
Bubble Sort,Cenário 1 - Vetor ordenado crescente,411921
Merge Sort,Cenário 1 - Vetor ordenado crescente,1832
Quick Sort,Cenário 1 - Vetor ordenado crescente,1589
Shell Sort,Cenário 1 - Vetor ordenado crescente,2864
Bubble Sort,Cenário 1 - Vetor ordenado crescente,382377
Merge Sort,Cenário 1 - Vetor ordenado crescente,1618
Quick Sort,Cenário 1 - Vetor ordenado crescente,1518
Shell Sort,Cenário 1 - Vetor ordenado crescente,3313
Bubble Sort,Cenário 1 - Vetor ordenado crescente,417287
Merge Sort,Cenário 1 - Vetor ordenado crescente,1465
Quick Sort,Cenário 1 - Vetor ordenado crescente,1555
Shell Sort,Cenário 1 - Vetor ordenado crescente,2563
Bubble Sort,Cenário 1 - Vetor ordenado crescente,429135
Merge Sort,Cenário 1 - Vetor ordenado crescente,1769
Quick Sort,Cenário 1 - Vetor ordenado crescente,2062
Shell Sort,Cenário 1 - Vetor ordenado crescente,2509
Bubble Sort,Cenário 1 - Vetor ordenado crescente,419804
Merge Sort,Cenário 1 - Vetor ordenado crescente,1485
Quick Sort,Cenário 1 - Vetor ordenado crescente,1518
Shell Sort,Cenário 1 - Vetor ordenado crescente,2266
Bubble Sort,Cenário 1 - Vetor ordenado crescente,409809
Merge Sort,Cenário 1 - Vetor ordenado crescente,1472
Quick Sort,Cenário 1 - Vetor ordenado crescente,1494
Shell Sort,Cenário 1 - Vetor ordenado crescente,2322
Bubble Sort,Cenário 1 - Vetor ordenado crescente,421759
Merge Sort,Cenário 1 - Vetor ordenado crescente,1512
Quick Sort,Cenário 1 - Vetor ordenado crescente,1733
Shell Sort,Cenário 1 - Vetor ordenado crescente,2230
Bubble Sort,Cenário 1 - Vetor ordenado crescente,434189
Merge Sort,Cenário 1 - Vetor ordenado crescente,1516
Quick Sort,Cenário 1 - Vetor ordenado crescente,1579
Shell Sort,Cenário 1 - Vetor ordenado crescente,2237
Bubble Sort,Cenário 1 - Vetor ordenado crescente,382852
Merge Sort,Cenário 1 - Vetor ordenado crescente,1417
Quick Sort,Cenário 1 - Vetor ordenado crescente,1617
Shell Sort,Cenário 1 - Vetor ordenado crescente,2319
Bubble Sort,Cenário 1 - Vetor ordenado crescente,380864
Merge Sort,Cenário 1 - Vetor ordenado crescente,1598
Quick Sort,Cenário 1 - Vetor ordenado crescente,1356
Shell Sort,Cenário 1 - Vetor ordenado crescente,2354
Bubble Sort,Cenário 1 - Vetor ordenado crescente,389142
Merge Sort,Cenário 1 - Vetor ordenado crescente,1784
Quick Sort,Cenário 1 - Vetor ordenado crescente,1495
Shell Sort,Cenário 1 - Vetor ordenado crescente,2274
Bubble Sort,Cenário 1 - Vetor ordenado crescente,382112
Merge Sort,Cenário 1 - Vetor ordenado crescente,1599
Quick Sort,Cenário 1 - Vetor ordenado crescente,1518
Shell Sort,Cenário 1 - Vetor ordenado crescente,2196
Bubble Sort,Cenário 1 - Vetor ordenado crescente,383879
Merge Sort,Cenário 1 - Vetor ordenado crescente,1540
Quick Sort,Cenário 1 - Vetor ordenado crescente,1349
Shell Sort,Cenário 1 - Vetor ordenado crescente,2279
Bubble Sort,Cenário 1 - Vetor ordenado crescente,380085
Merge Sort,Cenário 1 - Vetor ordenado crescente,1574
Quick Sort,Cenário 1 - Vetor ordenado crescente,1363
Shell Sort,Cenário 1 - Vetor ordenado crescente,2402
Bubble Sort,Cenário 1 - Vetor ordenado crescente,385254
Merge Sort,Cenário 1 - Vetor ordenado crescente,1516
Quick Sort,Cenário 1 - Vetor ordenado crescente,1339
Shell Sort,Cenário 1 - Vetor ordenado crescente,2310
Bubble Sort,Cenário 1 - Vetor ordenado crescente,385919
Merge Sort,Cenário 1 - Vetor ordenado crescente,1673
Quick Sort,Cenário 1 - Vetor ordenado crescente,1413
Shell Sort,Cenário 1 - Vetor ordenado crescente,2092
Bubble Sort,Cenário 1 - Vetor ordenado crescente,386235
Merge Sort,Cenário 1 - Vetor ordenado crescente,1626
Quick Sort,Cenário 1 - Vetor ordenado crescente,1371
Shell Sort,Cenário 1 - Vetor ordenado crescente,2588
Bubble Sort,Cenário 1 - Vetor ordenado crescente,384511
Merge Sort,Cenário 1 - Vetor ordenado crescente,1526
Quick Sort,Cenário 1 - Vetor ordenado crescente,1435
Shell Sort,Cenário 1 - Vetor ordenado crescente,2471
Bubble Sort,Cenário 1 - Vetor ordenado crescente,382427
Merge Sort,Cenário 1 - Vetor ordenado crescente,1584
Quick Sort,Cenário 1 - Vetor ordenado crescente,1219
Shell Sort,Cenário 1 - Vetor ordenado crescente,2178
Bubble Sort,Cenário 1 - Vetor ordenado crescente,394740
Merge Sort,Cenário 1 - Vetor ordenado crescente,1609
Quick Sort,Cenário 1 - Vetor ordenado crescente,1506
Shell Sort,Cenário 1 - Vetor ordenado crescente,2255
Bubble Sort,Cenário 1 - Vetor ordenado crescente,403196
Merge Sort,Cenário 1 - Vetor ordenado crescente,1434
Quick Sort,Cenário 1 - Vetor ordenado crescente,1194
Shell Sort,Cenário 1 - Vetor ordenado crescente,2291
Bubble Sort,Cenário 1 - Vetor ordenado crescente,382158
Merge Sort,Cenário 1 - Vetor ordenado crescente,1724
Quick Sort,Cenário 1 - Vetor ordenado crescente,1485
Shell Sort,Cenário 1 - Vetor ordenado crescente,2574
Bubble Sort,Cenário 1 - Vetor ordenado crescente,379903
Merge Sort,Cenário 1 - Vetor ordenado crescente,1538
Quick Sort,Cenário 1 - Vetor ordenado crescente,1216
Shell Sort,Cenário 1 - Vetor ordenado crescente,2122
Bubble Sort,Cenário 1 - Vetor ordenado crescente,380503
Merge Sort,Cenário 1 - Vetor ordenado crescente,1579
Quick Sort,Cenário 1 - Vetor ordenado crescente,1287
Shell Sort,Cenário 1 - Vetor ordenado crescente,2287
Bubble Sort,Cenário 1 - Vetor ordenado crescente,388522
Merge Sort,Cenário 1 - Vetor ordenado crescente,1708
Quick Sort,Cenário 1 - Vetor ordenado crescente,1399
Shell Sort,Cenário 1 - Vetor ordenado crescente,2237
Bubble Sort,Cenário 1 - Vetor ordenado crescente,382970
Merge Sort,Cenário 1 - Vetor ordenado crescente,1543
Quick Sort,Cenário 1 - Vetor ordenado crescente,1285
Shell Sort,Cenário 1 - Vetor ordenado crescente,2259
Bubble Sort,Cenário 1 - Vetor ordenado crescente,376448
Merge Sort,Cenário 1 - Vetor ordenado crescente,1529
Quick Sort,Cenário 1 - Vetor ordenado crescente,1178
Shell Sort,Cenário 1 - Vetor ordenado crescente,2458
Bubble Sort,Cenário 1 - Vetor ordenado crescente,379347
Merge Sort,Cenário 1 - Vetor ordenado crescente,1506
Quick Sort,Cenário 1 - Vetor ordenado crescente,1203
Shell Sort,Cenário 1 - Vetor ordenado crescente,2411
Bubble Sort,Cenário 1 - Vetor ordenado crescente,380192
Merge Sort,Cenário 1 - Vetor ordenado crescente,1529
Quick Sort,Cenário 1 - Vetor ordenado crescente,1711
Shell Sort,Cenário 1 - Vetor ordenado crescente,2242
Bubble Sort,Cenário 2 - Vetor ordenado decrescente,375608
Merge Sort,Cenário 2 - Vetor ordenado decrescente,1500
Quick Sort,Cenário 2 - Vetor ordenado decrescente,1369
Shell Sort,Cenário 2 - Vetor ordenado decrescente,2304
Bubble Sort,Cenário 2 - Vetor ordenado decrescente,384468
Merge Sort,Cenário 2 - Vetor ordenado decrescente,1530
Quick Sort,Cenário 2 - Vetor ordenado decrescente,1284
Shell Sort,Cenário 2 - Vetor ordenado decrescente,2187
Bubble Sort,Cenário 2 - Vetor ordenado decrescente,385341
Merge Sort,Cenário 2 - Vetor ordenado decrescente,1560
Quick Sort,Cenário 2 - Vetor ordenado decrescente,1567
Shell Sort,Cenário 2 - Vetor ordenado decrescente,2294
Bubble Sort,Cenário 2 - Vetor ordenado decrescente,397896
Merge Sort,Cenário 2 - Vetor ordenado decrescente,1566
Quick Sort,Cenário 2 - Vetor ordenado decrescente,1312
Shell Sort,Cenário 2 - Vetor ordenado decrescente,2318
Bubble Sort,Cenário 2 - Vetor ordenado decrescente,388292
Merge Sort,Cenário 2 - Vetor ordenado decrescente,1475
Quick Sort,Cenário 2 - Vetor ordenado decrescente,1208
Shell Sort,Cenário 2 - Vetor ordenado decrescente,2534
Bubble Sort,Cenário 2 - Vetor ordenado decrescente,379808
Merge Sort,Cenário 2 - Vetor ordenado decrescente,1500
Quick Sort,Cenário 2 - Vetor ordenado decrescente,1384
Shell Sort,Cenário 2 - Vetor ordenado decrescente,2467
Bubble Sort,Cenário 2 - Vetor ordenado decrescente,381981
Merge Sort,Cenário 2 - Vetor ordenado decrescente,1547
Quick Sort,Cenário 2 - Vetor ordenado decrescente,1805
Shell Sort,Cenário 2 - Vetor ordenado decrescente,2157
Bubble Sort,Cenário 2 - Vetor ordenado decrescente,384303
Merge Sort,Cenário 2 - Vetor ordenado decrescente,1561
Quick Sort,Cenário 2 - Vetor ordenado decrescente,1455
Shell Sort,Cenário 2 - Vetor ordenado decrescente,2338
Bubble Sort,Cenário 2 - Vetor ordenado decrescente,381903
Merge Sort,Cenário 2 - Vetor ordenado decrescente,2040
Quick Sort,Cenário 2 - Vetor ordenado decrescente,1319
Shell Sort,Cenário 2 - Vetor ordenado decrescente,2353
Bubble Sort,Cenário 2 - Vetor ordenado decrescente,380832
Merge Sort,Cenário 2 - Vetor ordenado decrescente,1591
Quick Sort,Cenário 2 - Vetor ordenado decrescente,1203
Shell Sort,Cenário 2 - Vetor ordenado decrescente,2166
Bubble Sort,Cenário 2 - Vetor ordenado decrescente,385055
Merge Sort,Cenário 2 - Vetor ordenado decrescente,1446
Quick Sort,Cenário 2 - Vetor ordenado decrescente,1225
Shell Sort,Cenário 2 - Vetor ordenado decrescente,2322
Bubble Sort,Cenário 2 - Vetor ordenado decrescente,380208
Merge Sort,Cenário 2 - Vetor ordenado decrescente,1494
Quick Sort,Cenário 2 - Vetor ordenado decrescente,1273
Shell Sort,Cenário 2 - Vetor ordenado decrescente,2575
Bubble Sort,Cenário 2 - Vetor ordenado decrescente,384310
Merge Sort,Cenário 2 - Vetor ordenado decrescente,1563
Quick Sort,Cenário 2 - Vetor ordenado decrescente,1263
Shell Sort,Cenário 2 - Vetor ordenado decrescente,2301
Bubble Sort,Cenário 2 - Vetor ordenado decrescente,378785
Merge Sort,Cenário 2 - Vetor ordenado decrescente,1494
Quick Sort,Cenário 2 - Vetor ordenado decrescente,1207
Shell Sort,Cenário 2 - Vetor ordenado decrescente,3586
Bubble Sort,Cenário 2 - Vetor ordenado decrescente,381554
Merge Sort,Cenário 2 - Vetor ordenado decrescente,1762
Quick Sort,Cenário 2 - Vetor ordenado decrescente,1362
Shell Sort,Cenário 2 - Vetor ordenado decrescente,2354
Bubble Sort,Cenário 2 - Vetor ordenado decrescente,385119
Merge Sort,Cenário 2 - Vetor ordenado decrescente,1465
Quick Sort,Cenário 2 - Vetor ordenado decrescente,1199
Shell Sort,Cenário 2 - Vetor ordenado decrescente,2163
Bubble Sort,Cenário 2 - Vetor ordenado decrescente,398553
Merge Sort,Cenário 2 - Vetor ordenado decrescente,1525
Quick Sort,Cenário 2 - Vetor ordenado decrescente,1285
Shell Sort,Cenário 2 - Vetor ordenado decrescente,2311
Bubble Sort,Cenário 2 - Vetor ordenado decrescente,386365
Merge Sort,Cenário 2 - Vetor ordenado decrescente,1751
Quick Sort,Cenário 2 - Vetor ordenado decrescente,1316
Shell Sort,Cenário 2 - Vetor ordenado decrescente,2556
Bubble Sort,Cenário 2 - Vetor ordenado decrescente,383626
Merge Sort,Cenário 2 - Vetor ordenado decrescente,1650
Quick Sort,Cenário 2 - Vetor ordenado decrescente,1297
Shell Sort,Cenário 2 - Vetor ordenado decrescente,2439
Bubble Sort,Cenário 2 - Vetor ordenado decrescente,379023
Merge Sort,Cenário 2 - Vetor ordenado decrescente,1710
Quick Sort,Cenário 2 - Vetor ordenado decrescente,1241
Shell Sort,Cenário 2 - Vetor ordenado decrescente,2311
Bubble Sort,Cenário 2 - Vetor ordenado decrescente,384758
Merge Sort,Cenário 2 - Vetor ordenado decrescente,1527
Quick Sort,Cenário 2 - Vetor ordenado decrescente,1287
Shell Sort,Cenário 2 - Vetor ordenado decrescente,2478
Bubble Sort,Cenário 2 - Vetor ordenado decrescente,378469
Merge Sort,Cenário 2 - Vetor ordenado decrescente,1527
Quick Sort,Cenário 2 - Vetor ordenado decrescente,1287
Shell Sort,Cenário 2 - Vetor ordenado decrescente,2333
Bubble Sort,Cenário 2 - Vetor ordenado decrescente,381407
Merge Sort,Cenário 2 - Vetor ordenado decrescente,1527
Quick Sort,Cenário 2 - Vetor ordenado decrescente,1295
Shell Sort,Cenário 2 - Vetor ordenado decrescente,2313
Bubble Sort,Cenário 2 - Vetor ordenado decrescente,384706
Merge Sort,Cenário 2 - Vetor ordenado decrescente,1552
Quick Sort,Cenário 2 - Vetor ordenado decrescente,1290
Shell Sort,Cenário 2 - Vetor ordenado decrescente,2336
Bubble Sort,Cenário 2 - Vetor ordenado decrescente,381852
Merge Sort,Cenário 2 - Vetor ordenado decrescente,1621
Quick Sort,Cenário 2 - Vetor ordenado decrescente,1244
Shell Sort,Cenário 2 - Vetor ordenado decrescente,2149
Bubble Sort,Cenário 2 - Vetor ordenado decrescente,380646
Merge Sort,Cenário 2 - Vetor ordenado decrescente,1433
Quick Sort,Cenário 2 - Vetor ordenado decrescente,1199
Shell Sort,Cenário 2 - Vetor ordenado decrescente,2375
Bubble Sort,Cenário 2 - Vetor ordenado decrescente,383539
Merge Sort,Cenário 2 - Vetor ordenado decrescente,1570
Quick Sort,Cenário 2 - Vetor ordenado decrescente,1268
Shell Sort,Cenário 2 - Vetor ordenado decrescente,2456
Bubble Sort,Cenário 2 - Vetor ordenado decrescente,384752
Merge Sort,Cenário 2 - Vetor ordenado decrescente,1531
Quick Sort,Cenário 2 - Vetor ordenado decrescente,1195
Shell Sort,Cenário 2 - Vetor ordenado decrescente,2255
Bubble Sort,Cenário 2 - Vetor ordenado decrescente,392249
Merge Sort,Cenário 2 - Vetor ordenado decrescente,1639
Quick Sort,Cenário 2 - Vetor ordenado decrescente,1395
Shell Sort,Cenário 2 - Vetor ordenado decrescente,2631
Bubble Sort,Cenário 2 - Vetor ordenado decrescente,399995
Merge Sort,Cenário 2 - Vetor ordenado decrescente,2150
Quick Sort,Cenário 2 - Vetor ordenado decrescente,1253
Shell Sort,Cenário 2 - Vetor ordenado decrescente,2161
Bubble Sort,Cenário 3 - Vetor aleatório,375544
Merge Sort,Cenário 3 - Vetor aleatório,1522
Quick Sort,Cenário 3 - Vetor aleatório,1350
Shell Sort,Cenário 3 - Vetor aleatório,2357
Bubble Sort,Cenário 3 - Vetor aleatório,382744
Merge Sort,Cenário 3 - Vetor aleatório,1690
Quick Sort,Cenário 3 - Vetor aleatório,1356
Shell Sort,Cenário 3 - Vetor aleatório,2297
Bubble Sort,Cenário 3 - Vetor aleatório,382386
Merge Sort,Cenário 3 - Vetor aleatório,1667
Quick Sort,Cenário 3 - Vetor aleatório,1355
Shell Sort,Cenário 3 - Vetor aleatório,2300
Bubble Sort,Cenário 3 - Vetor aleatório,382857
Merge Sort,Cenário 3 - Vetor aleatório,1549
Quick Sort,Cenário 3 - Vetor aleatório,1340
Shell Sort,Cenário 3 - Vetor aleatório,2394
Bubble Sort,Cenário 3 - Vetor aleatório,381678
Merge Sort,Cenário 3 - Vetor aleatório,1445
Quick Sort,Cenário 3 - Vetor aleatório,1413
Shell Sort,Cenário 3 - Vetor aleatório,2532
Bubble Sort,Cenário 3 - Vetor aleatório,379270
Merge Sort,Cenário 3 - Vetor aleatório,1592
Quick Sort,Cenário 3 - Vetor aleatório,1321
Shell Sort,Cenário 3 - Vetor aleatório,2186
Bubble Sort,Cenário 3 - Vetor aleatório,381544
Merge Sort,Cenário 3 - Vetor aleatório,1653
Quick Sort,Cenário 3 - Vetor aleatório,1348
Shell Sort,Cenário 3 - Vetor aleatório,2321
Bubble Sort,Cenário 3 - Vetor aleatório,378099
Merge Sort,Cenário 3 - Vetor aleatório,1641
Quick Sort,Cenário 3 - Vetor aleatório,1556
Shell Sort,Cenário 3 - Vetor aleatório,2263
Bubble Sort,Cenário 3 - Vetor aleatório,375397
Merge Sort,Cenário 3 - Vetor aleatório,1447
Quick Sort,Cenário 3 - Vetor aleatório,1240
Shell Sort,Cenário 3 - Vetor aleatório,2202
Bubble Sort,Cenário 3 - Vetor aleatório,381647
Merge Sort,Cenário 3 - Vetor aleatório,1555
Quick Sort,Cenário 3 - Vetor aleatório,1378
Shell Sort,Cenário 3 - Vetor aleatório,3011
Bubble Sort,Cenário 3 - Vetor aleatório,378823
Merge Sort,Cenário 3 - Vetor aleatório,1525
Quick Sort,Cenário 3 - Vetor aleatório,1375
Shell Sort,Cenário 3 - Vetor aleatório,2468
Bubble Sort,Cenário 3 - Vetor aleatório,395916
Merge Sort,Cenário 3 - Vetor aleatório,1518
Quick Sort,Cenário 3 - Vetor aleatório,1321
Shell Sort,Cenário 3 - Vetor aleatório,3132
Bubble Sort,Cenário 3 - Vetor aleatório,392171
Merge Sort,Cenário 3 - Vetor aleatório,1448
Quick Sort,Cenário 3 - Vetor aleatório,1250
Shell Sort,Cenário 3 - Vetor aleatório,2400
Bubble Sort,Cenário 3 - Vetor aleatório,378248
Merge Sort,Cenário 3 - Vetor aleatório,1470
Quick Sort,Cenário 3 - Vetor aleatório,1265
Shell Sort,Cenário 3 - Vetor aleatório,2466
Bubble Sort,Cenário 3 - Vetor aleatório,380824
Merge Sort,Cenário 3 - Vetor aleatório,1462
Quick Sort,Cenário 3 - Vetor aleatório,1310
Shell Sort,Cenário 3 - Vetor aleatório,2569
Bubble Sort,Cenário 3 - Vetor aleatório,384302
Merge Sort,Cenário 3 - Vetor aleatório,1428
Quick Sort,Cenário 3 - Vetor aleatório,1390
Shell Sort,Cenário 3 - Vetor aleatório,2303
Bubble Sort,Cenário 3 - Vetor aleatório,375860
Merge Sort,Cenário 3 - Vetor aleatório,1512
Quick Sort,Cenário 3 - Vetor aleatório,1292
Shell Sort,Cenário 3 - Vetor aleatório,2247
Bubble Sort,Cenário 3 - Vetor aleatório,381280
Merge Sort,Cenário 3 - Vetor aleatório,1530
Quick Sort,Cenário 3 - Vetor aleatório,1249
Shell Sort,Cenário 3 - Vetor aleatório,2587
Bubble Sort,Cenário 3 - Vetor aleatório,380629
Merge Sort,Cenário 3 - Vetor aleatório,1490
Quick Sort,Cenário 3 - Vetor aleatório,1364
Shell Sort,Cenário 3 - Vetor aleatório,2177
Bubble Sort,Cenário 3 - Vetor aleatório,377212
Merge Sort,Cenário 3 - Vetor aleatório,1755
Quick Sort,Cenário 3 - Vetor aleatório,1279
Shell Sort,Cenário 3 - Vetor aleatório,2152
Bubble Sort,Cenário 3 - Vetor aleatório,391419
Merge Sort,Cenário 3 - Vetor aleatório,1512
Quick Sort,Cenário 3 - Vetor aleatório,1323
Shell Sort,Cenário 3 - Vetor aleatório,2328
Bubble Sort,Cenário 3 - Vetor aleatório,376249
Merge Sort,Cenário 3 - Vetor aleatório,1634
Quick Sort,Cenário 3 - Vetor aleatório,1295
Shell Sort,Cenário 3 - Vetor aleatório,2187
Bubble Sort,Cenário 3 - Vetor aleatório,384859
Merge Sort,Cenário 3 - Vetor aleatório,1450
Quick Sort,Cenário 3 - Vetor aleatório,1230
Shell Sort,Cenário 3 - Vetor aleatório,2251
Bubble Sort,Cenário 3 - Vetor aleatório,377699
Merge Sort,Cenário 3 - Vetor aleatório,1408
Quick Sort,Cenário 3 - Vetor aleatório,1224
Shell Sort,Cenário 3 - Vetor aleatório,2135
Bubble Sort,Cenário 3 - Vetor aleatório,393416
Merge Sort,Cenário 3 - Vetor aleatório,1746
Quick Sort,Cenário 3 - Vetor aleatório,1319
Shell Sort,Cenário 3 - Vetor aleatório,2311
Bubble Sort,Cenário 3 - Vetor aleatório,380298
Merge Sort,Cenário 3 - Vetor aleatório,1860
Quick Sort,Cenário 3 - Vetor aleatório,1555
Shell Sort,Cenário 3 - Vetor aleatório,2878
Bubble Sort,Cenário 3 - Vetor aleatório,383800
Merge Sort,Cenário 3 - Vetor aleatório,2453
Quick Sort,Cenário 3 - Vetor aleatório,1229
Shell Sort,Cenário 3 - Vetor aleatório,2553
Bubble Sort,Cenário 3 - Vetor aleatório,382399
Merge Sort,Cenário 3 - Vetor aleatório,1650
Quick Sort,Cenário 3 - Vetor aleatório,1385
Shell Sort,Cenário 3 - Vetor aleatório,2299
Bubble Sort,Cenário 3 - Vetor aleatório,379139
Merge Sort,Cenário 3 - Vetor aleatório,1756
Quick Sort,Cenário 3 - Vetor aleatório,1707
Shell Sort,Cenário 3 - Vetor aleatório,2276
Bubble Sort,Cenário 3 - Vetor aleatório,381078
Merge Sort,Cenário 3 - Vetor aleatório,1558
Quick Sort,Cenário 3 - Vetor aleatório,1312
Shell Sort,Cenário 3 - Vetor aleatório,2289
Bubble Sort,Cenário 4 - Vetor de strings aleatórias,391522
Merge Sort,Cenário 4 - Vetor de strings aleatórias,1717
Quick Sort,Cenário 4 - Vetor de strings aleatórias,1341
Shell Sort,Cenário 4 - Vetor de strings aleatórias,2731
Bubble Sort,Cenário 4 - Vetor de strings aleatórias,376203
Merge Sort,Cenário 4 - Vetor de strings aleatórias,1460
Quick Sort,Cenário 4 - Vetor de strings aleatórias,1220
Shell Sort,Cenário 4 - Vetor de strings aleatórias,2106
Bubble Sort,Cenário 4 - Vetor de strings aleatórias,370551
Merge Sort,Cenário 4 - Vetor de strings aleatórias,1470
Quick Sort,Cenário 4 - Vetor de strings aleatórias,1223
Shell Sort,Cenário 4 - Vetor de strings aleatórias,2717
Bubble Sort,Cenário 4 - Vetor de strings aleatórias,380654
Merge Sort,Cenário 4 - Vetor de strings aleatórias,1574
Quick Sort,Cenário 4 - Vetor de strings aleatórias,1293
Shell Sort,Cenário 4 - Vetor de strings aleatórias,2154
Bubble Sort,Cenário 4 - Vetor de strings aleatórias,376680
Merge Sort,Cenário 4 - Vetor de strings aleatórias,1537
Quick Sort,Cenário 4 - Vetor de strings aleatórias,1340
Shell Sort,Cenário 4 - Vetor de strings aleatórias,2257
Bubble Sort,Cenário 4 - Vetor de strings aleatórias,370832
Merge Sort,Cenário 4 - Vetor de strings aleatórias,1494
Quick Sort,Cenário 4 - Vetor de strings aleatórias,1253
Shell Sort,Cenário 4 - Vetor de strings aleatórias,2347
Bubble Sort,Cenário 4 - Vetor de strings aleatórias,376140
Merge Sort,Cenário 4 - Vetor de strings aleatórias,1635
Quick Sort,Cenário 4 - Vetor de strings aleatórias,1246
Shell Sort,Cenário 4 - Vetor de strings aleatórias,2260
Bubble Sort,Cenário 4 - Vetor de strings aleatórias,392652
Merge Sort,Cenário 4 - Vetor de strings aleatórias,1526
Quick Sort,Cenário 4 - Vetor de strings aleatórias,1290
Shell Sort,Cenário 4 - Vetor de strings aleatórias,2263
Bubble Sort,Cenário 4 - Vetor de strings aleatórias,375375
Merge Sort,Cenário 4 - Vetor de strings aleatórias,1531
Quick Sort,Cenário 4 - Vetor de strings aleatórias,1302
Shell Sort,Cenário 4 - Vetor de strings aleatórias,2322
Bubble Sort,Cenário 4 - Vetor de strings aleatórias,384365
Merge Sort,Cenário 4 - Vetor de strings aleatórias,1466
Quick Sort,Cenário 4 - Vetor de strings aleatórias,1231
Shell Sort,Cenário 4 - Vetor de strings aleatórias,2250
Bubble Sort,Cenário 4 - Vetor de strings aleatórias,375514
Merge Sort,Cenário 4 - Vetor de strings aleatórias,1438
Quick Sort,Cenário 4 - Vetor de strings aleatórias,1236
Shell Sort,Cenário 4 - Vetor de strings aleatórias,2235
Bubble Sort,Cenário 4 - Vetor de strings aleatórias,382036
Merge Sort,Cenário 4 - Vetor de strings aleatórias,1550
Quick Sort,Cenário 4 - Vetor de strings aleatórias,1289
Shell Sort,Cenário 4 - Vetor de strings aleatórias,2266
Bubble Sort,Cenário 4 - Vetor de strings aleatórias,374092
Merge Sort,Cenário 4 - Vetor de strings aleatórias,1886
Quick Sort,Cenário 4 - Vetor de strings aleatórias,1311
Shell Sort,Cenário 4 - Vetor de strings aleatórias,2303
Bubble Sort,Cenário 4 - Vetor de strings aleatórias,372092
Merge Sort,Cenário 4 - Vetor de strings aleatórias,1522
Quick Sort,Cenário 4 - Vetor de strings aleatórias,1407
Shell Sort,Cenário 4 - Vetor de strings aleatórias,2419
Bubble Sort,Cenário 4 - Vetor de strings aleatórias,378220
Merge Sort,Cenário 4 - Vetor de strings aleatórias,1448
Quick Sort,Cenário 4 - Vetor de strings aleatórias,1214
Shell Sort,Cenário 4 - Vetor de strings aleatórias,2282
Bubble Sort,Cenário 4 - Vetor de strings aleatórias,376054
Merge Sort,Cenário 4 - Vetor de strings aleatórias,1454
Quick Sort,Cenário 4 - Vetor de strings aleatórias,1206
Shell Sort,Cenário 4 - Vetor de strings aleatórias,2139
Bubble Sort,Cenário 4 - Vetor de strings aleatórias,370383
Merge Sort,Cenário 4 - Vetor de strings aleatórias,1828
Quick Sort,Cenário 4 - Vetor de strings aleatórias,1369
Shell Sort,Cenário 4 - Vetor de strings aleatórias,2625
Bubble Sort,Cenário 4 - Vetor de strings aleatórias,373186
Merge Sort,Cenário 4 - Vetor de strings aleatórias,1464
Quick Sort,Cenário 4 - Vetor de strings aleatórias,1223
Shell Sort,Cenário 4 - Vetor de strings aleatórias,2126
Bubble Sort,Cenário 4 - Vetor de strings aleatórias,371011
Merge Sort,Cenário 4 - Vetor de strings aleatórias,1428
Quick Sort,Cenário 4 - Vetor de strings aleatórias,1207
Shell Sort,Cenário 4 - Vetor de strings aleatórias,2111
Bubble Sort,Cenário 4 - Vetor de strings aleatórias,370047
Merge Sort,Cenário 4 - Vetor de strings aleatórias,1423
Quick Sort,Cenário 4 - Vetor de strings aleatórias,1203
Shell Sort,Cenário 4 - Vetor de strings aleatórias,2121
Bubble Sort,Cenário 4 - Vetor de strings aleatórias,393783
Merge Sort,Cenário 4 - Vetor de strings aleatórias,1479
Quick Sort,Cenário 4 - Vetor de strings aleatórias,1279
Shell Sort,Cenário 4 - Vetor de strings aleatórias,2164
Bubble Sort,Cenário 4 - Vetor de strings aleatórias,370580
Merge Sort,Cenário 4 - Vetor de strings aleatórias,1428
Quick Sort,Cenário 4 - Vetor de strings aleatórias,1359
Shell Sort,Cenário 4 - Vetor de strings aleatórias,2242
Bubble Sort,Cenário 4 - Vetor de strings aleatórias,371566
Merge Sort,Cenário 4 - Vetor de strings aleatórias,1535
Quick Sort,Cenário 4 - Vetor de strings aleatórias,1304
Shell Sort,Cenário 4 - Vetor de strings aleatórias,2335
Bubble Sort,Cenário 4 - Vetor de strings aleatórias,372899
Merge Sort,Cenário 4 - Vetor de strings aleatórias,1444
Quick Sort,Cenário 4 - Vetor de strings aleatórias,1269
Shell Sort,Cenário 4 - Vetor de strings aleatórias,2217
Bubble Sort,Cenário 4 - Vetor de strings aleatórias,377095
Merge Sort,Cenário 4 - Vetor de strings aleatórias,1728
Quick Sort,Cenário 4 - Vetor de strings aleatórias,1294
Shell Sort,Cenário 4 - Vetor de strings aleatórias,2275
Bubble Sort,Cenário 4 - Vetor de strings aleatórias,371765
Merge Sort,Cenário 4 - Vetor de strings aleatórias,1525
Quick Sort,Cenário 4 - Vetor de strings aleatórias,1221
Shell Sort,Cenário 4 - Vetor de strings aleatórias,2311
Bubble Sort,Cenário 4 - Vetor de strings aleatórias,381349
Merge Sort,Cenário 4 - Vetor de strings aleatórias,1431
Quick Sort,Cenário 4 - Vetor de strings aleatórias,1243
Shell Sort,Cenário 4 - Vetor de strings aleatórias,2224
Bubble Sort,Cenário 4 - Vetor de strings aleatórias,373174
Merge Sort,Cenário 4 - Vetor de strings aleatórias,1438
Quick Sort,Cenário 4 - Vetor de strings aleatórias,1206
Shell Sort,Cenário 4 - Vetor de strings aleatórias,2189
Bubble Sort,Cenário 4 - Vetor de strings aleatórias,379163
Merge Sort,Cenário 4 - Vetor de strings aleatórias,1450
Quick Sort,Cenário 4 - Vetor de strings aleatórias,1238
Shell Sort,Cenário 4 - Vetor de strings aleatórias,2350
Bubble Sort,Cenário 4 - Vetor de strings aleatórias,371711
Merge Sort,Cenário 4 - Vetor de strings aleatórias,1519
Quick Sort,Cenário 4 - Vetor de strings aleatórias,1229
Shell Sort,Cenário 4 - Vetor de strings aleatórias,2411
Bubble Sort,Cenário 1 - Vetor ordenado crescente,44074741
Merge Sort,Cenário 1 - Vetor ordenado crescente,30420
Quick Sort,Cenário 1 - Vetor ordenado crescente,17728
Shell Sort,Cenário 1 - Vetor ordenado crescente,44433
Bubble Sort,Cenário 1 - Vetor ordenado crescente,43768083
Merge Sort,Cenário 1 - Vetor ordenado crescente,22459
Quick Sort,Cenário 1 - Vetor ordenado crescente,18587
Shell Sort,Cenário 1 - Vetor ordenado crescente,43536
Bubble Sort,Cenário 1 - Vetor ordenado crescente,43784962
Merge Sort,Cenário 1 - Vetor ordenado crescente,21108
Quick Sort,Cenário 1 - Vetor ordenado crescente,18010
Shell Sort,Cenário 1 - Vetor ordenado crescente,41097
Bubble Sort,Cenário 1 - Vetor ordenado crescente,43856109
Merge Sort,Cenário 1 - Vetor ordenado crescente,22401
Quick Sort,Cenário 1 - Vetor ordenado crescente,19315
Shell Sort,Cenário 1 - Vetor ordenado crescente,42977
Bubble Sort,Cenário 1 - Vetor ordenado crescente,44060772
Merge Sort,Cenário 1 - Vetor ordenado crescente,22135
Quick Sort,Cenário 1 - Vetor ordenado crescente,19260
Shell Sort,Cenário 1 - Vetor ordenado crescente,45198
Bubble Sort,Cenário 1 - Vetor ordenado crescente,44282592
Merge Sort,Cenário 1 - Vetor ordenado crescente,20946
Quick Sort,Cenário 1 - Vetor ordenado crescente,17811
Shell Sort,Cenário 1 - Vetor ordenado crescente,42543
Bubble Sort,Cenário 1 - Vetor ordenado crescente,43796126
Merge Sort,Cenário 1 - Vetor ordenado crescente,20635
Quick Sort,Cenário 1 - Vetor ordenado crescente,16930
Shell Sort,Cenário 1 - Vetor ordenado crescente,40595
Bubble Sort,Cenário 1 - Vetor ordenado crescente,43816223
Merge Sort,Cenário 1 - Vetor ordenado crescente,22881
Quick Sort,Cenário 1 - Vetor ordenado crescente,19962
Shell Sort,Cenário 1 - Vetor ordenado crescente,51130
Bubble Sort,Cenário 1 - Vetor ordenado crescente,43785406
Merge Sort,Cenário 1 - Vetor ordenado crescente,20496
Quick Sort,Cenário 1 - Vetor ordenado crescente,17777
Shell Sort,Cenário 1 - Vetor ordenado crescente,46219
Bubble Sort,Cenário 1 - Vetor ordenado crescente,43806753
Merge Sort,Cenário 1 - Vetor ordenado crescente,21067
Quick Sort,Cenário 1 - Vetor ordenado crescente,18519
Shell Sort,Cenário 1 - Vetor ordenado crescente,45410
Bubble Sort,Cenário 1 - Vetor ordenado crescente,43845664
Merge Sort,Cenário 1 - Vetor ordenado crescente,20022
Quick Sort,Cenário 1 - Vetor ordenado crescente,18368
Shell Sort,Cenário 1 - Vetor ordenado crescente,42430
Bubble Sort,Cenário 1 - Vetor ordenado crescente,43836132
Merge Sort,Cenário 1 - Vetor ordenado crescente,20400
Quick Sort,Cenário 1 - Vetor ordenado crescente,17762
Shell Sort,Cenário 1 - Vetor ordenado crescente,42332
Bubble Sort,Cenário 1 - Vetor ordenado crescente,43654490
Merge Sort,Cenário 1 - Vetor ordenado crescente,19398
Quick Sort,Cenário 1 - Vetor ordenado crescente,18809
Shell Sort,Cenário 1 - Vetor ordenado crescente,41357
Bubble Sort,Cenário 1 - Vetor ordenado crescente,43617644
Merge Sort,Cenário 1 - Vetor ordenado crescente,20827
Quick Sort,Cenário 1 - Vetor ordenado crescente,18141
Shell Sort,Cenário 1 - Vetor ordenado crescente,42671
Bubble Sort,Cenário 1 - Vetor ordenado crescente,43610024
Merge Sort,Cenário 1 - Vetor ordenado crescente,21311
Quick Sort,Cenário 1 - Vetor ordenado crescente,18236
Shell Sort,Cenário 1 - Vetor ordenado crescente,42786
Bubble Sort,Cenário 1 - Vetor ordenado crescente,43720702
Merge Sort,Cenário 1 - Vetor ordenado crescente,22304
Quick Sort,Cenário 1 - Vetor ordenado crescente,19348
Shell Sort,Cenário 1 - Vetor ordenado crescente,44929
Bubble Sort,Cenário 1 - Vetor ordenado crescente,43571758
Merge Sort,Cenário 1 - Vetor ordenado crescente,22599
Quick Sort,Cenário 1 - Vetor ordenado crescente,18945
Shell Sort,Cenário 1 - Vetor ordenado crescente,44291
Bubble Sort,Cenário 1 - Vetor ordenado crescente,43737256
Merge Sort,Cenário 1 - Vetor ordenado crescente,22086
Quick Sort,Cenário 1 - Vetor ordenado crescente,17171
Shell Sort,Cenário 1 - Vetor ordenado crescente,41099
Bubble Sort,Cenário 1 - Vetor ordenado crescente,43834385
Merge Sort,Cenário 1 - Vetor ordenado crescente,20903
Quick Sort,Cenário 1 - Vetor ordenado crescente,17596
Shell Sort,Cenário 1 - Vetor ordenado crescente,42044
Bubble Sort,Cenário 1 - Vetor ordenado crescente,43792628
Merge Sort,Cenário 1 - Vetor ordenado crescente,22517
Quick Sort,Cenário 1 - Vetor ordenado crescente,18850
Shell Sort,Cenário 1 - Vetor ordenado crescente,41572
Bubble Sort,Cenário 1 - Vetor ordenado crescente,43926718
Merge Sort,Cenário 1 - Vetor ordenado crescente,20983
Quick Sort,Cenário 1 - Vetor ordenado crescente,17187
Shell Sort,Cenário 1 - Vetor ordenado crescente,41140
Bubble Sort,Cenário 1 - Vetor ordenado crescente,43925143
Merge Sort,Cenário 1 - Vetor ordenado crescente,21230
Quick Sort,Cenário 1 - Vetor ordenado crescente,16949
Shell Sort,Cenário 1 - Vetor ordenado crescente,44235
Bubble Sort,Cenário 1 - Vetor ordenado crescente,43674152
Merge Sort,Cenário 1 - Vetor ordenado crescente,21573
Quick Sort,Cenário 1 - Vetor ordenado crescente,17141
Shell Sort,Cenário 1 - Vetor ordenado crescente,50287
Bubble Sort,Cenário 1 - Vetor ordenado crescente,43828456
Merge Sort,Cenário 1 - Vetor ordenado crescente,21146
Quick Sort,Cenário 1 - Vetor ordenado crescente,17975
Shell Sort,Cenário 1 - Vetor ordenado crescente,43937
Bubble Sort,Cenário 1 - Vetor ordenado crescente,43622050
Merge Sort,Cenário 1 - Vetor ordenado crescente,19369
Quick Sort,Cenário 1 - Vetor ordenado crescente,17664
Shell Sort,Cenário 1 - Vetor ordenado crescente,43773
Bubble Sort,Cenário 1 - Vetor ordenado crescente,43963272
Merge Sort,Cenário 1 - Vetor ordenado crescente,23336
Quick Sort,Cenário 1 - Vetor ordenado crescente,17925
Shell Sort,Cenário 1 - Vetor ordenado crescente,40931
Bubble Sort,Cenário 1 - Vetor ordenado crescente,43736881
Merge Sort,Cenário 1 - Vetor ordenado crescente,23871
Quick Sort,Cenário 1 - Vetor ordenado crescente,17472
Shell Sort,Cenário 1 - Vetor ordenado crescente,41014
Bubble Sort,Cenário 1 - Vetor ordenado crescente,43673430
Merge Sort,Cenário 1 - Vetor ordenado crescente,24635
Quick Sort,Cenário 1 - Vetor ordenado crescente,19061
Shell Sort,Cenário 1 - Vetor ordenado crescente,45047
Bubble Sort,Cenário 1 - Vetor ordenado crescente,43670275
Merge Sort,Cenário 1 - Vetor ordenado crescente,22761
Quick Sort,Cenário 1 - Vetor ordenado crescente,21957
Shell Sort,Cenário 1 - Vetor ordenado crescente,62464
Bubble Sort,Cenário 1 - Vetor ordenado crescente,43608493
Merge Sort,Cenário 1 - Vetor ordenado crescente,23987
Quick Sort,Cenário 1 - Vetor ordenado crescente,18499
Shell Sort,Cenário 1 - Vetor ordenado crescente,40127
Bubble Sort,Cenário 2 - Vetor ordenado decrescente,44443106
Merge Sort,Cenário 2 - Vetor ordenado decrescente,20935
Quick Sort,Cenário 2 - Vetor ordenado decrescente,17856
Shell Sort,Cenário 2 - Vetor ordenado decrescente,43276
Bubble Sort,Cenário 2 - Vetor ordenado decrescente,44367871
Merge Sort,Cenário 2 - Vetor ordenado decrescente,21467
Quick Sort,Cenário 2 - Vetor ordenado decrescente,18533
Shell Sort,Cenário 2 - Vetor ordenado decrescente,44458
Bubble Sort,Cenário 2 - Vetor ordenado decrescente,44364085
Merge Sort,Cenário 2 - Vetor ordenado decrescente,22086
Quick Sort,Cenário 2 - Vetor ordenado decrescente,17605
Shell Sort,Cenário 2 - Vetor ordenado decrescente,49443
Bubble Sort,Cenário 2 - Vetor ordenado decrescente,44309216
Merge Sort,Cenário 2 - Vetor ordenado decrescente,21462
Quick Sort,Cenário 2 - Vetor ordenado decrescente,17347
Shell Sort,Cenário 2 - Vetor ordenado decrescente,42395
Bubble Sort,Cenário 2 - Vetor ordenado decrescente,44227189
Merge Sort,Cenário 2 - Vetor ordenado decrescente,21583
Quick Sort,Cenário 2 - Vetor ordenado decrescente,19543
Shell Sort,Cenário 2 - Vetor ordenado decrescente,43233
Bubble Sort,Cenário 2 - Vetor ordenado decrescente,44270680
Merge Sort,Cenário 2 - Vetor ordenado decrescente,22005
Quick Sort,Cenário 2 - Vetor ordenado decrescente,18558
Shell Sort,Cenário 2 - Vetor ordenado decrescente,44431
Bubble Sort,Cenário 2 - Vetor ordenado decrescente,44335518
Merge Sort,Cenário 2 - Vetor ordenado decrescente,22921
Quick Sort,Cenário 2 - Vetor ordenado decrescente,17272
Shell Sort,Cenário 2 - Vetor ordenado decrescente,41065
Bubble Sort,Cenário 2 - Vetor ordenado decrescente,44392318
Merge Sort,Cenário 2 - Vetor ordenado decrescente,21748
Quick Sort,Cenário 2 - Vetor ordenado decrescente,17159
Shell Sort,Cenário 2 - Vetor ordenado decrescente,51387
Bubble Sort,Cenário 2 - Vetor ordenado decrescente,44437942
Merge Sort,Cenário 2 - Vetor ordenado decrescente,21436
Quick Sort,Cenário 2 - Vetor ordenado decrescente,19717
Shell Sort,Cenário 2 - Vetor ordenado decrescente,41715
Bubble Sort,Cenário 2 - Vetor ordenado decrescente,44239822
Merge Sort,Cenário 2 - Vetor ordenado decrescente,22490
Quick Sort,Cenário 2 - Vetor ordenado decrescente,17463
Shell Sort,Cenário 2 - Vetor ordenado decrescente,43928
Bubble Sort,Cenário 2 - Vetor ordenado decrescente,44273626
Merge Sort,Cenário 2 - Vetor ordenado decrescente,21186
Quick Sort,Cenário 2 - Vetor ordenado decrescente,18867
Shell Sort,Cenário 2 - Vetor ordenado decrescente,43808
Bubble Sort,Cenário 2 - Vetor ordenado decrescente,44536216
Merge Sort,Cenário 2 - Vetor ordenado decrescente,20959
Quick Sort,Cenário 2 - Vetor ordenado decrescente,18742
Shell Sort,Cenário 2 - Vetor ordenado decrescente,40782
Bubble Sort,Cenário 2 - Vetor ordenado decrescente,44588712
Merge Sort,Cenário 2 - Vetor ordenado decrescente,21354
Quick Sort,Cenário 2 - Vetor ordenado decrescente,17278
Shell Sort,Cenário 2 - Vetor ordenado decrescente,43056
Bubble Sort,Cenário 2 - Vetor ordenado decrescente,44403978
Merge Sort,Cenário 2 - Vetor ordenado decrescente,21844
Quick Sort,Cenário 2 - Vetor ordenado decrescente,18171
Shell Sort,Cenário 2 - Vetor ordenado decrescente,40018
Bubble Sort,Cenário 2 - Vetor ordenado decrescente,44285872
Merge Sort,Cenário 2 - Vetor ordenado decrescente,21898
Quick Sort,Cenário 2 - Vetor ordenado decrescente,19395
Shell Sort,Cenário 2 - Vetor ordenado decrescente,41714
Bubble Sort,Cenário 2 - Vetor ordenado decrescente,44202487
Merge Sort,Cenário 2 - Vetor ordenado decrescente,23264
Quick Sort,Cenário 2 - Vetor ordenado decrescente,18946
Shell Sort,Cenário 2 - Vetor ordenado decrescente,43691
Bubble Sort,Cenário 2 - Vetor ordenado decrescente,44151032
Merge Sort,Cenário 2 - Vetor ordenado decrescente,22189
Quick Sort,Cenário 2 - Vetor ordenado decrescente,18880
Shell Sort,Cenário 2 - Vetor ordenado decrescente,49038
Bubble Sort,Cenário 2 - Vetor ordenado decrescente,44265602
Merge Sort,Cenário 2 - Vetor ordenado decrescente,20570
Quick Sort,Cenário 2 - Vetor ordenado decrescente,18344
Shell Sort,Cenário 2 - Vetor ordenado decrescente,42260
Bubble Sort,Cenário 2 - Vetor ordenado decrescente,44218799
Merge Sort,Cenário 2 - Vetor ordenado decrescente,22464
Quick Sort,Cenário 2 - Vetor ordenado decrescente,18136
Shell Sort,Cenário 2 - Vetor ordenado decrescente,42731
Bubble Sort,Cenário 2 - Vetor ordenado decrescente,44142521
Merge Sort,Cenário 2 - Vetor ordenado decrescente,22713
Quick Sort,Cenário 2 - Vetor ordenado decrescente,18402
Shell Sort,Cenário 2 - Vetor ordenado decrescente,41081
Bubble Sort,Cenário 2 - Vetor ordenado decrescente,44034273
Merge Sort,Cenário 2 - Vetor ordenado decrescente,19962
Quick Sort,Cenário 2 - Vetor ordenado decrescente,17998
Shell Sort,Cenário 2 - Vetor ordenado decrescente,43877
Bubble Sort,Cenário 2 - Vetor ordenado decrescente,44343922
Merge Sort,Cenário 2 - Vetor ordenado decrescente,22025
Quick Sort,Cenário 2 - Vetor ordenado decrescente,17862
Shell Sort,Cenário 2 - Vetor ordenado decrescente,42081
Bubble Sort,Cenário 2 - Vetor ordenado decrescente,44243977
Merge Sort,Cenário 2 - Vetor ordenado decrescente,20899
Quick Sort,Cenário 2 - Vetor ordenado decrescente,18812
Shell Sort,Cenário 2 - Vetor ordenado decrescente,40488
Bubble Sort,Cenário 2 - Vetor ordenado decrescente,44316595
Merge Sort,Cenário 2 - Vetor ordenado decrescente,21650
Quick Sort,Cenário 2 - Vetor ordenado decrescente,18174
Shell Sort,Cenário 2 - Vetor ordenado decrescente,42363
Bubble Sort,Cenário 2 - Vetor ordenado decrescente,44315609
Merge Sort,Cenário 2 - Vetor ordenado decrescente,22405
Quick Sort,Cenário 2 - Vetor ordenado decrescente,18203
Shell Sort,Cenário 2 - Vetor ordenado decrescente,47082
Bubble Sort,Cenário 2 - Vetor ordenado decrescente,44226529
Merge Sort,Cenário 2 - Vetor ordenado decrescente,20613
Quick Sort,Cenário 2 - Vetor ordenado decrescente,17980
Shell Sort,Cenário 2 - Vetor ordenado decrescente,40757
Bubble Sort,Cenário 2 - Vetor ordenado decrescente,44274666
Merge Sort,Cenário 2 - Vetor ordenado decrescente,21040
Quick Sort,Cenário 2 - Vetor ordenado decrescente,18742
Shell Sort,Cenário 2 - Vetor ordenado decrescente,43204
Bubble Sort,Cenário 2 - Vetor ordenado decrescente,44367351
Merge Sort,Cenário 2 - Vetor ordenado decrescente,23596
Quick Sort,Cenário 2 - Vetor ordenado decrescente,21027
Shell Sort,Cenário 2 - Vetor ordenado decrescente,50539
Bubble Sort,Cenário 2 - Vetor ordenado decrescente,44255965
Merge Sort,Cenário 2 - Vetor ordenado decrescente,21936
Quick Sort,Cenário 2 - Vetor ordenado decrescente,19654
Shell Sort,Cenário 2 - Vetor ordenado decrescente,40905
Bubble Sort,Cenário 2 - Vetor ordenado decrescente,44299396
Merge Sort,Cenário 2 - Vetor ordenado decrescente,21474
Quick Sort,Cenário 2 - Vetor ordenado decrescente,17300
Shell Sort,Cenário 2 - Vetor ordenado decrescente,41339
Bubble Sort,Cenário 3 - Vetor aleatório,43682041
Merge Sort,Cenário 3 - Vetor aleatório,21296
Quick Sort,Cenário 3 - Vetor aleatório,18793
Shell Sort,Cenário 3 - Vetor aleatório,43047
Bubble Sort,Cenário 3 - Vetor aleatório,44100112
Merge Sort,Cenário 3 - Vetor aleatório,21931
Quick Sort,Cenário 3 - Vetor aleatório,18939
Shell Sort,Cenário 3 - Vetor aleatório,41682
Bubble Sort,Cenário 3 - Vetor aleatório,43835098
Merge Sort,Cenário 3 - Vetor aleatório,21326
Quick Sort,Cenário 3 - Vetor aleatório,17879
Shell Sort,Cenário 3 - Vetor aleatório,43232
Bubble Sort,Cenário 3 - Vetor aleatório,43620317
Merge Sort,Cenário 3 - Vetor aleatório,21676
Quick Sort,Cenário 3 - Vetor aleatório,19124
Shell Sort,Cenário 3 - Vetor aleatório,41556
Bubble Sort,Cenário 3 - Vetor aleatório,43628030
Merge Sort,Cenário 3 - Vetor aleatório,21344
Quick Sort,Cenário 3 - Vetor aleatório,18953
Shell Sort,Cenário 3 - Vetor aleatório,42157
Bubble Sort,Cenário 3 - Vetor aleatório,43630367
Merge Sort,Cenário 3 - Vetor aleatório,21386
Quick Sort,Cenário 3 - Vetor aleatório,17421
Shell Sort,Cenário 3 - Vetor aleatório,46361
Bubble Sort,Cenário 3 - Vetor aleatório,43814829
Merge Sort,Cenário 3 - Vetor aleatório,22831
Quick Sort,Cenário 3 - Vetor aleatório,19839
Shell Sort,Cenário 3 - Vetor aleatório,46477
Bubble Sort,Cenário 3 - Vetor aleatório,43594319
Merge Sort,Cenário 3 - Vetor aleatório,20861
Quick Sort,Cenário 3 - Vetor aleatório,17589
Shell Sort,Cenário 3 - Vetor aleatório,42223
Bubble Sort,Cenário 3 - Vetor aleatório,43418794
Merge Sort,Cenário 3 - Vetor aleatório,23262
Quick Sort,Cenário 3 - Vetor aleatório,19944
Shell Sort,Cenário 3 - Vetor aleatório,44100
Bubble Sort,Cenário 3 - Vetor aleatório,43913910
Merge Sort,Cenário 3 - Vetor aleatório,20641
Quick Sort,Cenário 3 - Vetor aleatório,19582
Shell Sort,Cenário 3 - Vetor aleatório,44831
Bubble Sort,Cenário 3 - Vetor aleatório,43139447
Merge Sort,Cenário 3 - Vetor aleatório,23334
Quick Sort,Cenário 3 - Vetor aleatório,17336
Shell Sort,Cenário 3 - Vetor aleatório,42040
Bubble Sort,Cenário 3 - Vetor aleatório,43288070
Merge Sort,Cenário 3 - Vetor aleatório,20409
Quick Sort,Cenário 3 - Vetor aleatório,17563
Shell Sort,Cenário 3 - Vetor aleatório,43348
Bubble Sort,Cenário 3 - Vetor aleatório,43835772
Merge Sort,Cenário 3 - Vetor aleatório,21662
Quick Sort,Cenário 3 - Vetor aleatório,18088
Shell Sort,Cenário 3 - Vetor aleatório,41630
Bubble Sort,Cenário 3 - Vetor aleatório,43769272
Merge Sort,Cenário 3 - Vetor aleatório,21456
Quick Sort,Cenário 3 - Vetor aleatório,17807
Shell Sort,Cenário 3 - Vetor aleatório,41214
Bubble Sort,Cenário 3 - Vetor aleatório,43905021
Merge Sort,Cenário 3 - Vetor aleatório,24086
Quick Sort,Cenário 3 - Vetor aleatório,17955
Shell Sort,Cenário 3 - Vetor aleatório,42013
Bubble Sort,Cenário 3 - Vetor aleatório,43859568
Merge Sort,Cenário 3 - Vetor aleatório,20152
Quick Sort,Cenário 3 - Vetor aleatório,17853
Shell Sort,Cenário 3 - Vetor aleatório,44412
Bubble Sort,Cenário 3 - Vetor aleatório,43794992
Merge Sort,Cenário 3 - Vetor aleatório,22126
Quick Sort,Cenário 3 - Vetor aleatório,18285
Shell Sort,Cenário 3 - Vetor aleatório,41906
Bubble Sort,Cenário 3 - Vetor aleatório,43767638
Merge Sort,Cenário 3 - Vetor aleatório,22204
Quick Sort,Cenário 3 - Vetor aleatório,19009
Shell Sort,Cenário 3 - Vetor aleatório,44142
Bubble Sort,Cenário 3 - Vetor aleatório,43841942
Merge Sort,Cenário 3 - Vetor aleatório,21502
Quick Sort,Cenário 3 - Vetor aleatório,18110
Shell Sort,Cenário 3 - Vetor aleatório,39903
Bubble Sort,Cenário 3 - Vetor aleatório,43820630
Merge Sort,Cenário 3 - Vetor aleatório,21636
Quick Sort,Cenário 3 - Vetor aleatório,18571
Shell Sort,Cenário 3 - Vetor aleatório,41204
Bubble Sort,Cenário 3 - Vetor aleatório,43744055
Merge Sort,Cenário 3 - Vetor aleatório,21522
Quick Sort,Cenário 3 - Vetor aleatório,19451
Shell Sort,Cenário 3 - Vetor aleatório,44607
Bubble Sort,Cenário 3 - Vetor aleatório,43839289
Merge Sort,Cenário 3 - Vetor aleatório,21719
Quick Sort,Cenário 3 - Vetor aleatório,17997
Shell Sort,Cenário 3 - Vetor aleatório,43254
Bubble Sort,Cenário 3 - Vetor aleatório,44174538
Merge Sort,Cenário 3 - Vetor aleatório,22065
Quick Sort,Cenário 3 - Vetor aleatório,18477
Shell Sort,Cenário 3 - Vetor aleatório,52146
Bubble Sort,Cenário 3 - Vetor aleatório,43733860
Merge Sort,Cenário 3 - Vetor aleatório,21657
Quick Sort,Cenário 3 - Vetor aleatório,18333
Shell Sort,Cenário 3 - Vetor aleatório,44077
Bubble Sort,Cenário 3 - Vetor aleatório,43532696
Merge Sort,Cenário 3 - Vetor aleatório,20971
Quick Sort,Cenário 3 - Vetor aleatório,17494
Shell Sort,Cenário 3 - Vetor aleatório,44884
Bubble Sort,Cenário 3 - Vetor aleatório,43630790
Merge Sort,Cenário 3 - Vetor aleatório,22889
Quick Sort,Cenário 3 - Vetor aleatório,18559
Shell Sort,Cenário 3 - Vetor aleatório,44873
Bubble Sort,Cenário 3 - Vetor aleatório,44081701
Merge Sort,Cenário 3 - Vetor aleatório,21121
Quick Sort,Cenário 3 - Vetor aleatório,17928
Shell Sort,Cenário 3 - Vetor aleatório,43589
Bubble Sort,Cenário 3 - Vetor aleatório,43622866
Merge Sort,Cenário 3 - Vetor aleatório,22243
Quick Sort,Cenário 3 - Vetor aleatório,18778
Shell Sort,Cenário 3 - Vetor aleatório,42322
Bubble Sort,Cenário 3 - Vetor aleatório,43817186
Merge Sort,Cenário 3 - Vetor aleatório,23738
Quick Sort,Cenário 3 - Vetor aleatório,18750
Shell Sort,Cenário 3 - Vetor aleatório,41004
Bubble Sort,Cenário 3 - Vetor aleatório,43662099
Merge Sort,Cenário 3 - Vetor aleatório,21216
Quick Sort,Cenário 3 - Vetor aleatório,17447
Shell Sort,Cenário 3 - Vetor aleatório,42583
Bubble Sort,Cenário 4 - Vetor de strings aleatórias,52929104
Merge Sort,Cenário 4 - Vetor de strings aleatórias,42111
Quick Sort,Cenário 4 - Vetor de strings aleatórias,23403
Shell Sort,Cenário 4 - Vetor de strings aleatórias,58546
Bubble Sort,Cenário 4 - Vetor de strings aleatórias,43866404
Merge Sort,Cenário 4 - Vetor de strings aleatórias,21096
Quick Sort,Cenário 4 - Vetor de strings aleatórias,18088
Shell Sort,Cenário 4 - Vetor de strings aleatórias,40941
Bubble Sort,Cenário 4 - Vetor de strings aleatórias,43786535
Merge Sort,Cenário 4 - Vetor de strings aleatórias,21219
Quick Sort,Cenário 4 - Vetor de strings aleatórias,18080
Shell Sort,Cenário 4 - Vetor de strings aleatórias,42781
Bubble Sort,Cenário 4 - Vetor de strings aleatórias,43683839
Merge Sort,Cenário 4 - Vetor de strings aleatórias,21707
Quick Sort,Cenário 4 - Vetor de strings aleatórias,19035
Shell Sort,Cenário 4 - Vetor de strings aleatórias,41211
Bubble Sort,Cenário 4 - Vetor de strings aleatórias,43504371
Merge Sort,Cenário 4 - Vetor de strings aleatórias,20449
Quick Sort,Cenário 4 - Vetor de strings aleatórias,17322
Shell Sort,Cenário 4 - Vetor de strings aleatórias,41095
Bubble Sort,Cenário 4 - Vetor de strings aleatórias,43208227
Merge Sort,Cenário 4 - Vetor de strings aleatórias,21758
Quick Sort,Cenário 4 - Vetor de strings aleatórias,19307
Shell Sort,Cenário 4 - Vetor de strings aleatórias,40929
Bubble Sort,Cenário 4 - Vetor de strings aleatórias,43114041
Merge Sort,Cenário 4 - Vetor de strings aleatórias,22372
Quick Sort,Cenário 4 - Vetor de strings aleatórias,17687
Shell Sort,Cenário 4 - Vetor de strings aleatórias,40334
Bubble Sort,Cenário 4 - Vetor de strings aleatórias,43167962
Merge Sort,Cenário 4 - Vetor de strings aleatórias,20093
Quick Sort,Cenário 4 - Vetor de strings aleatórias,17274
Shell Sort,Cenário 4 - Vetor de strings aleatórias,41392
Bubble Sort,Cenário 4 - Vetor de strings aleatórias,43290689
Merge Sort,Cenário 4 - Vetor de strings aleatórias,20554
Quick Sort,Cenário 4 - Vetor de strings aleatórias,17595
Shell Sort,Cenário 4 - Vetor de strings aleatórias,41892
Bubble Sort,Cenário 4 - Vetor de strings aleatórias,43748728
Merge Sort,Cenário 4 - Vetor de strings aleatórias,20787
Quick Sort,Cenário 4 - Vetor de strings aleatórias,17476
Shell Sort,Cenário 4 - Vetor de strings aleatórias,42982
Bubble Sort,Cenário 4 - Vetor de strings aleatórias,43737466
Merge Sort,Cenário 4 - Vetor de strings aleatórias,25439
Quick Sort,Cenário 4 - Vetor de strings aleatórias,20913
Shell Sort,Cenário 4 - Vetor de strings aleatórias,47336
Bubble Sort,Cenário 4 - Vetor de strings aleatórias,43733973
Merge Sort,Cenário 4 - Vetor de strings aleatórias,22320
Quick Sort,Cenário 4 - Vetor de strings aleatórias,19459
Shell Sort,Cenário 4 - Vetor de strings aleatórias,43815
Bubble Sort,Cenário 4 - Vetor de strings aleatórias,43954292
Merge Sort,Cenário 4 - Vetor de strings aleatórias,20867
Quick Sort,Cenário 4 - Vetor de strings aleatórias,18357
Shell Sort,Cenário 4 - Vetor de strings aleatórias,40986
Bubble Sort,Cenário 4 - Vetor de strings aleatórias,43904310
Merge Sort,Cenário 4 - Vetor de strings aleatórias,21681
Quick Sort,Cenário 4 - Vetor de strings aleatórias,18379
Shell Sort,Cenário 4 - Vetor de strings aleatórias,41655
Bubble Sort,Cenário 4 - Vetor de strings aleatórias,43802152
Merge Sort,Cenário 4 - Vetor de strings aleatórias,21707
Quick Sort,Cenário 4 - Vetor de strings aleatórias,18123
Shell Sort,Cenário 4 - Vetor de strings aleatórias,44141
Bubble Sort,Cenário 4 - Vetor de strings aleatórias,43723574
Merge Sort,Cenário 4 - Vetor de strings aleatórias,20899
Quick Sort,Cenário 4 - Vetor de strings aleatórias,17510
Shell Sort,Cenário 4 - Vetor de strings aleatórias,41490
Bubble Sort,Cenário 4 - Vetor de strings aleatórias,43614217
Merge Sort,Cenário 4 - Vetor de strings aleatórias,21682
Quick Sort,Cenário 4 - Vetor de strings aleatórias,19707
Shell Sort,Cenário 4 - Vetor de strings aleatórias,46559
Bubble Sort,Cenário 4 - Vetor de strings aleatórias,43881392
Merge Sort,Cenário 4 - Vetor de strings aleatórias,20657
Quick Sort,Cenário 4 - Vetor de strings aleatórias,18352
Shell Sort,Cenário 4 - Vetor de strings aleatórias,46514
Bubble Sort,Cenário 4 - Vetor de strings aleatórias,43662277
Merge Sort,Cenário 4 - Vetor de strings aleatórias,21031
Quick Sort,Cenário 4 - Vetor de strings aleatórias,17925
Shell Sort,Cenário 4 - Vetor de strings aleatórias,40231
Bubble Sort,Cenário 4 - Vetor de strings aleatórias,43596507
Merge Sort,Cenário 4 - Vetor de strings aleatórias,21322
Quick Sort,Cenário 4 - Vetor de strings aleatórias,17546
Shell Sort,Cenário 4 - Vetor de strings aleatórias,41033
Bubble Sort,Cenário 4 - Vetor de strings aleatórias,43634162
Merge Sort,Cenário 4 - Vetor de strings aleatórias,21659
Quick Sort,Cenário 4 - Vetor de strings aleatórias,17962
Shell Sort,Cenário 4 - Vetor de strings aleatórias,40524
Bubble Sort,Cenário 4 - Vetor de strings aleatórias,43623042
Merge Sort,Cenário 4 - Vetor de strings aleatórias,21039
Quick Sort,Cenário 4 - Vetor de strings aleatórias,17398
Shell Sort,Cenário 4 - Vetor de strings aleatórias,44322
Bubble Sort,Cenário 4 - Vetor de strings aleatórias,43657511
Merge Sort,Cenário 4 - Vetor de strings aleatórias,25369
Quick Sort,Cenário 4 - Vetor de strings aleatórias,17759
Shell Sort,Cenário 4 - Vetor de strings aleatórias,41841
Bubble Sort,Cenário 4 - Vetor de strings aleatórias,43724269
Merge Sort,Cenário 4 - Vetor de strings aleatórias,21259
Quick Sort,Cenário 4 - Vetor de strings aleatórias,19232
Shell Sort,Cenário 4 - Vetor de strings aleatórias,42950
Bubble Sort,Cenário 4 - Vetor de strings aleatórias,43801538
Merge Sort,Cenário 4 - Vetor de strings aleatórias,21977
Quick Sort,Cenário 4 - Vetor de strings aleatórias,18749
Shell Sort,Cenário 4 - Vetor de strings aleatórias,44311
Bubble Sort,Cenário 4 - Vetor de strings aleatórias,43782525
Merge Sort,Cenário 4 - Vetor de strings aleatórias,21039
Quick Sort,Cenário 4 - Vetor de strings aleatórias,17388
Shell Sort,Cenário 4 - Vetor de strings aleatórias,42955
Bubble Sort,Cenário 4 - Vetor de strings aleatórias,43732843
Merge Sort,Cenário 4 - Vetor de strings aleatórias,21065
Quick Sort,Cenário 4 - Vetor de strings aleatórias,17468
Shell Sort,Cenário 4 - Vetor de strings aleatórias,42305
Bubble Sort,Cenário 4 - Vetor de strings aleatórias,43655829
Merge Sort,Cenário 4 - Vetor de strings aleatórias,22133
Quick Sort,Cenário 4 - Vetor de strings aleatórias,18103
Shell Sort,Cenário 4 - Vetor de strings aleatórias,42537
Bubble Sort,Cenário 4 - Vetor de strings aleatórias,43652173
Merge Sort,Cenário 4 - Vetor de strings aleatórias,20100
Quick Sort,Cenário 4 - Vetor de strings aleatórias,18121
Shell Sort,Cenário 4 - Vetor de strings aleatórias,42766
Bubble Sort,Cenário 4 - Vetor de strings aleatórias,43703132
Merge Sort,Cenário 4 - Vetor de strings aleatórias,22040
Quick Sort,Cenário 4 - Vetor de strings aleatórias,17451
Shell Sort,Cenário 4 - Vetor de strings aleatórias,45304
Bubble Sort,Cenário 1 - Vetor ordenado crescente,2909628206
Merge Sort,Cenário 1 - Vetor ordenado crescente,197961
Quick Sort,Cenário 1 - Vetor ordenado crescente,196491
Shell Sort,Cenário 1 - Vetor ordenado crescente,648774
Bubble Sort,Cenário 1 - Vetor ordenado crescente,2889147190
Merge Sort,Cenário 1 - Vetor ordenado crescente,163931
Quick Sort,Cenário 1 - Vetor ordenado crescente,168477
Shell Sort,Cenário 1 - Vetor ordenado crescente,643976
Bubble Sort,Cenário 1 - Vetor ordenado crescente,2751521485
Merge Sort,Cenário 1 - Vetor ordenado crescente,151595
Quick Sort,Cenário 1 - Vetor ordenado crescente,164931
Shell Sort,Cenário 1 - Vetor ordenado crescente,647924
Bubble Sort,Cenário 1 - Vetor ordenado crescente,2816917748
Merge Sort,Cenário 1 - Vetor ordenado crescente,151106
Quick Sort,Cenário 1 - Vetor ordenado crescente,163745
Shell Sort,Cenário 1 - Vetor ordenado crescente,634641
Bubble Sort,Cenário 1 - Vetor ordenado crescente,2752617027
Merge Sort,Cenário 1 - Vetor ordenado crescente,151019
Quick Sort,Cenário 1 - Vetor ordenado crescente,162389
Shell Sort,Cenário 1 - Vetor ordenado crescente,634487
Bubble Sort,Cenário 2 - Vetor ordenado decrescente,2762117778
Merge Sort,Cenário 2 - Vetor ordenado decrescente,155468
Quick Sort,Cenário 2 - Vetor ordenado decrescente,176310
Shell Sort,Cenário 2 - Vetor ordenado decrescente,685545
Bubble Sort,Cenário 2 - Vetor ordenado decrescente,2745763021
Merge Sort,Cenário 2 - Vetor ordenado decrescente,149057
Quick Sort,Cenário 2 - Vetor ordenado decrescente,173218
Shell Sort,Cenário 2 - Vetor ordenado decrescente,692860
Bubble Sort,Cenário 2 - Vetor ordenado decrescente,2757675893
Merge Sort,Cenário 2 - Vetor ordenado decrescente,149498
Quick Sort,Cenário 2 - Vetor ordenado decrescente,168802
Shell Sort,Cenário 2 - Vetor ordenado decrescente,674355
Bubble Sort,Cenário 2 - Vetor ordenado decrescente,2756029232
Merge Sort,Cenário 2 - Vetor ordenado decrescente,157293
Quick Sort,Cenário 2 - Vetor ordenado decrescente,167633
Shell Sort,Cenário 2 - Vetor ordenado decrescente,670408
Bubble Sort,Cenário 2 - Vetor ordenado decrescente,3666728883
Merge Sort,Cenário 2 - Vetor ordenado decrescente,380942
Quick Sort,Cenário 2 - Vetor ordenado decrescente,224290
Shell Sort,Cenário 2 - Vetor ordenado decrescente,830807
Bubble Sort,Cenário 3 - Vetor aleatório,3931355592
Merge Sort,Cenário 3 - Vetor aleatório,449850
Quick Sort,Cenário 3 - Vetor aleatório,227404
Shell Sort,Cenário 3 - Vetor aleatório,696661
Bubble Sort,Cenário 3 - Vetor aleatório,2818750937
Merge Sort,Cenário 3 - Vetor aleatório,161727
Quick Sort,Cenário 3 - Vetor aleatório,169918
Shell Sort,Cenário 3 - Vetor aleatório,641568
Bubble Sort,Cenário 3 - Vetor aleatório,2803856526
Merge Sort,Cenário 3 - Vetor aleatório,151434
Quick Sort,Cenário 3 - Vetor aleatório,171853
Shell Sort,Cenário 3 - Vetor aleatório,644099
Bubble Sort,Cenário 3 - Vetor aleatório,2790669888
Merge Sort,Cenário 3 - Vetor aleatório,153918
Quick Sort,Cenário 3 - Vetor aleatório,172309
Shell Sort,Cenário 3 - Vetor aleatório,635589
Bubble Sort,Cenário 3 - Vetor aleatório,2789078111
Merge Sort,Cenário 3 - Vetor aleatório,165624
Quick Sort,Cenário 3 - Vetor aleatório,170472
Shell Sort,Cenário 3 - Vetor aleatório,643615
Bubble Sort,Cenário 4 - Vetor de strings aleatórias,3357510104
Merge Sort,Cenário 4 - Vetor de strings aleatórias,213549
Quick Sort,Cenário 4 - Vetor de strings aleatórias,168159
Shell Sort,Cenário 4 - Vetor de strings aleatórias,613752
Bubble Sort,Cenário 4 - Vetor de strings aleatórias,2904163092
Merge Sort,Cenário 4 - Vetor de strings aleatórias,166199
Quick Sort,Cenário 4 - Vetor de strings aleatórias,171252
Shell Sort,Cenário 4 - Vetor de strings aleatórias,613183
Bubble Sort,Cenário 4 - Vetor de strings aleatórias,2903593250
Merge Sort,Cenário 4 - Vetor de strings aleatórias,150506
Quick Sort,Cenário 4 - Vetor de strings aleatórias,168922
Shell Sort,Cenário 4 - Vetor de strings aleatórias,602316
Bubble Sort,Cenário 4 - Vetor de strings aleatórias,2911412409
Merge Sort,Cenário 4 - Vetor de strings aleatórias,166892
Quick Sort,Cenário 4 - Vetor de strings aleatórias,171862
Shell Sort,Cenário 4 - Vetor de strings aleatórias,604475
Bubble Sort,Cenário 4 - Vetor de strings aleatórias,2939492857
Merge Sort,Cenário 4 - Vetor de strings aleatórias,159558
Quick Sort,Cenário 4 - Vetor de strings aleatórias,172337
Shell Sort,Cenário 4 - Vetor de strings aleatórias,594491